section,book_subject,unit,q_id,admin_subject,level,page,qusetion,missing in admin,missing in book,double in admin,sort_key
כמותי,משוואת,1,372,משוואות,4,7,1,,,,7001
כמותי,משוואת,1,373,משוואות,3,7,2,,,,7002
כמותי,משוואת,1,374,משוואות,3,7,3,,,,7003
כמותי,משוואת,1,378,משוואות,6,8,4,,,,8004
כמותי,משוואת,1,387,משוואות,4,8,5,,,,8005
כמותי,משוואת,1,388,משוואות,3,8,6,,,,8006
כמותי,משוואת,2,8381,משוואות,4.5,9,7,,,,9007
כמותי,משוואת,2,389,משוואות,5,9,8,,,,9008
כמותי,משוואת,2,390,משוואות,6,9,9,,,,9009
כמותי,משוואת,2,391,משוואות,3.5,9,10,,,,9010
כמותי,משוואת,2,392,משוואות,3,10,11,,,,10011
כמותי,משוואת,2,393,משוואות,3,10,12,,,,10012
כמותי,משוואת,2,394,משוואות,5,10,13,,,,10013
כמותי,משוואת,2,395,משוואות,5.5,10,14,,,,10014
כמותי,משוואת,3,396,משוואות,5,11,15,,,,11015
כמותי,משוואת,3,397,משוואות,6.5,11,16,,,,11016
כמותי,משוואת,3,398,משוואות,4.5,11,17,,,,11017
כמותי,משוואת,3,399,משוואות,5,12,18,,,,12018
כמותי,משוואת,3,400,משוואות,4,12,19,,,,12019
כמותי,משוואת,3,,,,12,20,1,,,12020
כמותי,אי-שוויון,1,380,אי-שוויון,1,15,1,,,,15001
כמותי,אי-שוויון,1,381,אי-שוויון,4,15,2,,,,15002
כמותי,אי-שוויון,1,382,אי-שוויון,3.5,15,3,,,,15003
כמותי,אי-שוויון,1,383,אי-שוויון,5,16,4,,,,16004
כמותי,אי-שוויון,1,384,אי-שוויון,6.5,16,5,,,,16005
כמותי,אי-שוויון,1,385,חיובי שלילי וערך מוחלט,8,16,6,,,,16006
כמותי,אי-שוויון,1,386,אי-שוויון,6,16,7,,,,16007
כמותי,אי-שוויון,2,405,חיובי שלילי וערך מוחלט,6,17,8,,,,17008
כמותי,אי-שוויון,2,407,אי-שוויון,5,17,9,,,,17009
כמותי,אי-שוויון,2,412,אי-שוויון,3,17,10,,,,17010
כמותי,אי-שוויון,2,413,אי-שוויון,4,17,11,,,,17011
כמותי,אי-שוויון,2,414,אי-שוויון,5,18,12,,,,18012
כמותי,אי-שוויון,2,415,אי-שוויון,5,18,13,,,,18013
כמותי,אי-שוויון,2,416,אי-שוויון,6.5,18,14,,,,18014
כמותי,ביטויים,1,452,ביטויים,1,21,1,,,,21001
כמותי,ביטויים,1,453,ביטויים,2,21,2,,,,21002
כמותי,ביטויים,1,454,ביטויים,2,21,3,,,,21003
כמותי,ביטויים,1,455,ביטויים,1,22,4,,,,22004
כמותי,ביטויים,1,460,ביטויים,4,22,5,,,,22005
כמותי,ביטויים,1,463,ביטויים,4,22,6,,,,22006
כמותי,ביטויים,2,468,ביטויים,4,23,7,,,,23007
כמותי,ביטויים,2,471,ביטויים,7,23,8,,,,23008
כמותי,ביטויים,2,517,ביטויים,4,23,9,,,,23009
כמותי,ביטויים,2,520,ביטויים,4,23,10,,,,23010
כמותי,ביטויים,2,524,ביטויים,5,24,11,,,,24011
כמותי,ביטויים,2,526,ביטויים,5,24,12,,,,24012
כמותי,ביטויים,2,531,ביטויים,4,24,13,,,,24013
כמותי,ביטויים,2,533,ביטויים,7,24,14,,,,24014
כמותי,ביטויים,2,534,ביטויים,6,24,15,,,,24015
כמותי,ביטויים,3,535,ביטויים,5,25,16,,,,25016
כמותי,ביטויים,3,536,ביטויים,6,25,17,,,,25017
כמותי,ביטויים,3,537,ביטויים,9,25,18,,,,25018
כמותי,ביטויים,3,538,ביטויים,8,26,19,,,,26019
כמותי,ביטויים,3,539,ביטויים,7.5,26,20,,,,26020
כמותי,ביטויים,3,540,ביטויים,8,26,21,,,,26021
כמותי,ביטויים,3,541,ביטויים,9,26,22,,,,26022
כמותי,פעולות מומצאות,1,402,פעולות מומצאות,2,29,1,,,,29001
כמותי,פעולות מומצאות,1,403,פעולות מומצאות,3,29,2,,,,29002
כמותי,פעולות מומצאות,1,404,פעולות מומצאות,3,29,3,,,,29003
כמותי,פעולות מומצאות,1,408,פעולות מומצאות,3,30,4,,,,30004
כמותי,פעולות מומצאות,1,409,פעולות מומצאות,4,30,5,,,,30005
כמותי,פעולות מומצאות,1,410,פעולות מומצאות,5,30,6,,,,30006
כמותי,פעולות מומצאות,1,411,פעולות מומצאות,4,30,7,,,,30007
כמותי,פעולות מומצאות,2,648,פעולות מומצאות,5,31,8,,,,31008
כמותי,פעולות מומצאות,2,649,פעולות מומצאות,3,31,9,,,,31009
כמותי,פעולות מומצאות,2,650,פעולות מומצאות,4,31,10,,,,31010
כמותי,פעולות מומצאות,2,651,פעולות מומצאות,5,32,11,,,,32011
כמותי,פעולות מומצאות,2,652,פעולות מומצאות,4.5,32,12,,,,32012
כמותי,פעולות מומצאות,2,653,פעולות מומצאות,3,32,13,,,,32013
כמותי,פעולות מומצאות,3,654,פעולות מומצאות,7.5,33,14,,,,33014
כמותי,פעולות מומצאות,3,655,פעולות מומצאות,6,33,15,,,,33015
כמותי,פעולות מומצאות,3,656,פעולות מומצאות,4,33,16,,,,33016
כמותי,פעולות מומצאות,3,658,פעולות מומצאות,8,34,17,,,,34017
כמותי,פעולות מומצאות,3,660,פעולות מומצאות,6,34,18,,,,34018
כמותי,פעולות מומצאות,3,663,פעולות מומצאות,10,34,19,,,,34019
כמותי,התנהגות אלגברית,1,417,התנהגות אלגברית,2.5,37,1,,,,37001
כמותי,התנהגות אלגברית,1,418,משוואות,3,37,2,,,,37002
כמותי,התנהגות אלגברית,1,419,חיובי שלילי וערך מוחלט,7.5,37,3,,,,37003
כמותי,התנהגות אלגברית,1,420,התנהגות אלגברית,5.5,38,4,,,,38004
כמותי,התנהגות אלגברית,2,421,התנהגות אלגברית,6,38,5,,,,38005
כמותי,התנהגות אלגברית,2,422,התנהגות אלגברית,7.5,38,6,,,,38006
כמותי,התנהגות אלגברית,2,446,התנהגות אלגברית,3.5,39,7,,,,39007
כמותי,התנהגות אלגברית,2,447,התנהגות אלגברית,7,39,8,,,,39008
כמותי,התנהגות אלגברית,3,448,התנהגות אלגברית,4,39,9,,,,39009
כמותי,התנהגות אלגברית,3,449,התנהגות אלגברית,9,40,10,,,,40010
כמותי,התנהגות אלגברית,3,450,התנהגות אלגברית,4,40,11,,,,40011
כמותי,התנהגות אלגברית,3,451,התנהגות אלגברית,6.5,40,12,,,,40012
כמותי,חיובי שלילי וערך מוחלט,1,423,חיובי שלילי וערך מוחלט,3,43,1,,,,43001
כמותי,חיובי שלילי וערך מוחלט,1,424,חיובי שלילי וערך מוחלט,2,43,2,,,,43002
כמותי,חיובי שלילי וערך מוחלט,1,425,חיובי שלילי וערך מוחלט,3,43,3,,,,43003
כמותי,חיובי שלילי וערך מוחלט,1,426,חיובי שלילי וערך מוחלט,3,44,4,,,,44004
כמותי,חיובי שלילי וערך מוחלט,1,,,,44,5,1,,,44005
כמותי,חיובי שלילי וערך מוחלט,2,427,חיובי שלילי וערך מוחלט,3,45,6,,,,45006
כמותי,חיובי שלילי וערך מוחלט,2,428,חיובי שלילי וערך מוחלט,3,45,7,,,,45007
כמותי,חיובי שלילי וערך מוחלט,2,439,שלמים,3,45,8,,,,45008
כמותי,חיובי שלילי וערך מוחלט,2,,,,45,9,1,,,45009
כמותי,חיובי שלילי וערך מוחלט,2,440,חיובי שלילי וערך מוחלט,5,46,10,,,,46010
כמותי,חיובי שלילי וערך מוחלט,2,441,חיובי שלילי וערך מוחלט,7,46,11,,,,46011
כמותי,חיובי שלילי וערך מוחלט,2,442,חיובי שלילי וערך מוחלט,6,46,12,,,,46012
כמותי,חיובי שלילי וערך מוחלט,3,444,חיובי שלילי וערך מוחלט,7,47,13,,,,47013
כמותי,חיובי שלילי וערך מוחלט,3,445,חיובי שלילי וערך מוחלט,7,47,14,,,,47014
כמותי,חיובי שלילי וערך מוחלט,3,,,,47,15,1,,,47015
כמותי,חיובי שלילי וערך מוחלט,3,481,חיובי שלילי וערך מוחלט,7,48,16,,,,48016
כמותי,חיובי שלילי וערך מוחלט,3,484,חיובי שלילי וערך מוחלט,5,48,17,,,,48017
כמותי,חיובי שלילי וערך מוחלט,3,497,התנהגות אלגברית,8.5,48,18,,,,48018
כמותי,שלמים,1,458,שלמים,4,51,1,,,,51001
כמותי,שלמים,1,466,שלמים,5,51,2,,,,51002
כמותי,שלמים,1,474,שלמים,7,51,3,,,,51003
כמותי,שלמים,1,485,שלמים,7,52,4,,,,52004
כמותי,שלמים,1,516,שלמים,7,52,5,,,,52005
כמותי,שלמים,1,519,שלמים,7,52,6,,,,52006
כמותי,שלמים,1,527,חלוקה,6,52,7,,,,52007
כמותי,שלמים,1,592,שלמים,7,53,8,,,,53008
כמותי,שלמים,1,627,חלוקה,8,53,9,,,,53009
כמותי,שלמים,1,628,שלמים,4,53,10,,,,53010
כמותי,שלמים,1,633,שלמים,5,53,11,,,,53011
כמותי,שלמים,1,479,חלוקה,7,54,12,,,,54012
כמותי,שלמים,1,589,חלוקה,3,54,13,,,,54013
כמותי,שלמים,1,515,שלמים,5,54,14,,,,54014
כמותי,חלוקה,1,464,חלוקה,6,57,1,,,,57001
כמותי,חלוקה,1,469,חלוקה,5,57,2,,,,57002
כמותי,חלוקה,1,473,חלוקה,6,57,3,,,,57003
כמותי,חלוקה,1,475,חלוקה,5,57,4,,,,57004
כמותי,חלוקה,1,483,חלוקה,6,57,5,,,,57005
כמותי,חלוקה,1,512,חלוקה,6,58,6,,,,58006
כמותי,חלוקה,1,514,חלוקה,6,58,7,,,,58007
כמותי,חלוקה,1,525,חלוקה,7,58,8,,,,58008
כמותי,חלוקה,1,582,חלוקה,6,58,9,,,,58009
כמותי,חלוקה,1,584,חלוקה,7,59,10,,,,59010
כמותי,חלוקה,2,586,חלוקה,5,59,11,,,,59011
כמותי,חלוקה,2,587,חלוקה,6,59,12,,,,59012
כמותי,חלוקה,2,590,חלוקה,5,59,13,,,,59013
כמותי,חלוקה,2,623,חלוקה,5,59,14,,,,59014
כמותי,חלוקה,2,630,חלוקה,6,60,15,,,,60015
כמותי,חלוקה,2,634,חלוקה,4,60,16,,,,60016
כמותי,חלוקה,2,637,חלוקה,5,60,17,,,,60017
כמותי,חלוקה,2,638,חלוקה,6,60,18,,,,60018
כמותי,אותיות וספרות,1,542,אותיות וספרות,4,63,1,,,,63001
כמותי,אותיות וספרות,1,545,אותיות וספרות,4,63,2,,,,63002
כמותי,אותיות וספרות,1,547,אותיות וספרות,3.5,64,3,,,,64003
כמותי,אותיות וספרות,1,,,,64,4,1,,,64004
כמותי,אותיות וספרות,1,636,אותיות וספרות,5,64,5,,,,64005
כמותי,אותיות וספרות,1,,אותיות וספרות,,65,6,1,,,65006
כמותי,אותיות וספרות,1,,אותיות וספרות,,65,7,1,,,65007
כמותי,אותיות וספרות,2,,אותיות וספרות,,65,8,1,,,65008
כמותי,אותיות וספרות,2,,אותיות וספרות,,66,9,1,,,66009
כמותי,אותיות וספרות,2,,אותיות וספרות,,66,10,1,,,66010
כמותי,אותיות וספרות,2,,אותיות וספרות,,66,11,1,,,66011
כמותי,אותיות וספרות,2,,אותיות וספרות,,67,12,1,,,67012
כמותי,אותיות וספרות,2,,אותיות וספרות,,67,13,1,,,67013
כמותי,אותיות וספרות,2,,אותיות וספרות,,67,14,1,,,67014
כמותי,אותיות וספרות,2,,אותיות וספרות,,68,15,1,,,68015
כמותי,אותיות וספרות,2,,אותיות וספרות,,68,16,1,,,68016
כמותי,אותיות וספרות,3,,אותיות וספרות,,68,17,1,,,68017
כמותי,אותיות וספרות,3,,אותיות וספרות,,69,18,1,,,69018
כמותי,אותיות וספרות,3,,אותיות וספרות,,69,19,1,,,69019
כמותי,אותיות וספרות,3,,אותיות וספרות,,69,20,1,,,69020
כמותי,אותיות וספרות,3,,אותיות וספרות,,70,21,1,,,70021
כמותי,אותיות וספרות,3,,אותיות וספרות,,70,22,1,,,70022
כמותי,תרוגל מעורב 1 אלגברה,1,543,התנהגות אלגברית,2,73,1,,,,73001
כמותי,תרוגל מעורב 1 אלגברה,1,544,ביטויים,4,73,2,,,,73002
כמותי,תרוגל מעורב 1 אלגברה,1,546,אי-שוויון,2,73,3,,,,73003
כמותי,תרוגל מעורב 1 אלגברה,1,550,משוואות,4,74,4,,,,74004
כמותי,תרוגל מעורב 1 אלגברה,1,551,אי-שוויון,3,74,5,,,,74005
כמותי,תרוגל מעורב 1 אלגברה,2,552,משוואות,4,75,6,,,,75006
כמותי,תרוגל מעורב 1 אלגברה,2,553,משוואות,3.5,75,7,,,,75007
כמותי,תרוגל מעורב 1 אלגברה,2,554,משוואות,4,75,8,,,,75008
כמותי,תרוגל מעורב 1 אלגברה,2,555,משוואות,8,76,9,,,,76009
כמותי,תרוגל מעורב 1 אלגברה,2,556,משוואות,3,76,10,,,,76010
כמותי,תרוגל מעורב 2 אלגברה,1,559,משוואות,2.5,77,1,,,,77001
כמותי,תרוגל מעורב 2 אלגברה,1,560,אי-שוויון,3,77,2,,,,77002
כמותי,תרוגל מעורב 2 אלגברה,1,561,משוואות,3,77,3,,,,77003
כמותי,תרוגל מעורב 2 אלגברה,1,562,אי-שוויון,7,78,4,,,,78004
כמותי,תרוגל מעורב 2 אלגברה,1,568,ביטויים,6,78,5,,,,78005
כמותי,תרוגל מעורב 2 אלגברה,2,570,אי-שוויון,1.5,79,6,,,,79006
כמותי,תרוגל מעורב 2 אלגברה,2,593,ביטויים,4,79,7,,,,79007
כמותי,תרוגל מעורב 2 אלגברה,2,600,משוואות,6,79,8,,,,79008
כמותי,תרוגל מעורב 2 אלגברה,2,601,משוואות,3,80,9,,,,80009
כמותי,תרוגל מעורב 2 אלגברה,2,602,אי-שוויון,5,80,10,,,,80010
כמותי,תרגול מעורב 3 אלגברה,1,604,פעולות מומצאות,5,81,1,,,,81001
כמותי,תרגול מעורב 3 אלגברה,1,607,חיובי שלילי וערך מוחלט,5,81,2,,,,81002
כמותי,תרגול מעורב 3 אלגברה,1,610,התנהגות אלגברית,5,81,3,,,,81003
כמותי,תרגול מעורב 3 אלגברה,1,611,אי-שוויון,4.5,82,4,,,,82004
כמותי,תרגול מעורב 3 אלגברה,1,612,חיובי שלילי וערך מוחלט,3,82,5,,,,82005
כמותי,תרגול מעורב 3 אלגברה,2,613,ביטויים,6,83,6,,,,83006
כמותי,תרגול מעורב 3 אלגברה,2,614,חיובי שלילי וערך מוחלט,5,83,7,,,,83007
כמותי,תרגול מעורב 3 אלגברה,2,615,חיובי שלילי וערך מוחלט,7,83,8,,,,83008
כמותי,תרגול מעורב 3 אלגברה,2,616,התנהגות אלגברית,7,84,9,,,,84009
כמותי,תרגול מעורב 3 אלגברה,2,617,משוואות,7.5,84,10,,,,84010
כמותי,תרגול מעורב 3 אלגברה,3,618,פעולות מומצאות,2,85,11,,,,85011
כמותי,תרגול מעורב 3 אלגברה,3,619,משוואות,2.5,85,12,,,,85012
כמותי,תרגול מעורב 3 אלגברה,3,620,חיובי שלילי וערך מוחלט,6,85,13,,,,85013
כמותי,תרגול מעורב 3 אלגברה,3,,,,86,14,1,,,86014
כמותי,תרגול מעורב 3 אלגברה,3,,,,86,15,1,,,86015
כמותי,משולשים,1,564,משולשים,2,89,1,,,,89001
כמותי,משולשים,1,565,משולשים,3.5,89,2,,,,89002
כמותי,משולשים,1,566,משולשים,3,89,3,,,,89003
כמותי,משולשים,1,572,משולשים,3,89,4,,,,89004
כמותי,משולשים,1,2930,משולשים,3,90,5,,,,90005
כמותי,משולשים,1,884,משולשים,3,90,6,,,,90006
כמותי,משולשים,2,1132,משולשים,3,91,7,,,,91007
כמותי,משולשים,2,1133,משולשים,4,91,8,,,,91008
כמותי,משולשים,2,1134,משולשים,4,91,9,,,,91009
כמותי,משולשים,2,3179,משולשים,7,92,10,,,,92010
כמותי,משולשים,2,3183,משולשים,6,92,11,,,,92011
כמותי,משולשים,2,3185,משולשים,5,92,12,,,,92012
כמותי,משולשים,2,3186,משולשים,3,92,13,,,,92013
כמותי,משולשים,2,3187,משולשים,8,93,14,,,,93014
כמותי,משולשים,3,3190,משולשים,8.5,93,15,,,,93015
כמותי,משולשים,3,3191,משולשים,6,93,16,,,,93016
כמותי,משולשים,3,3193,משולשים,5,94,17,,,,94017
כמותי,משולשים,3,3194,משולשים,9,94,18,,,,94018
כמותי,משולשים,3,3197,משולשים,9,94,19,,,,94019
כמותי,מרובעים ומצולעים משוכללים,1,659,מרובעים,4,97,1,,,,97001
כמותי,מרובעים ומצולעים משוכללים,1,661,מרובעים,3,97,2,,,,97002
כמותי,מרובעים ומצולעים משוכללים,1,665,מצולעים,6,97,3,,,,97003
כמותי,מרובעים ומצולעים משוכללים,1,666,מרובעים,3.5,97,4,,,,97004
כמותי,מרובעים ומצולעים משוכללים,1,670,מרובעים,7,98,5,,,,98005
כמותי,מרובעים ומצולעים משוכללים,1,671,מרובעים,6,98,6,,,,98006
כמותי,מרובעים ומצולעים משוכללים,2,705,מרובעים,3.5,98,7,,,,98007
כמותי,מרובעים ומצולעים משוכללים,2,706,מצולעים,5,99,8,,,,99008
כמותי,מרובעים ומצולעים משוכללים,2,707,מרובעים,4,99,9,,,,99009
כמותי,מרובעים ומצולעים משוכללים,2,708,מרובעים,6,99,10,,,,99010
כמותי,מרובעים ומצולעים משוכללים,2,709,מרובעים,5,100,11,,,,100011
כמותי,מרובעים ומצולעים משוכללים,2,713,מצולעים,8.5,100,12,,,,100012
כמותי,מרובעים ומצולעים משוכללים,2,715,מרובעים,6,100,13,,,,100013
כמותי,מרובעים ומצולעים משוכללים,2,718,מרובעים,8,101,14,,,,101014
כמותי,מרובעים ומצולעים משוכללים,3,720,מרובעים,6.5,101,15,,,,101015
כמותי,מרובעים ומצולעים משוכללים,3,723,מרובעים,8,101,16,,,,101016
כמותי,מרובעים ומצולעים משוכללים,3,728,מרובעים,6.5,102,17,,,,102017
כמותי,מרובעים ומצולעים משוכללים,3,764,מצולעים,10,102,18,,,,102018
כמותי,מרובעים ומצולעים משוכללים,3,765,מרובעים,6.5,102,19,,,,102019
כמותי,מרובעים ומצולעים משוכללים,3,766,מצולעים,8,102,20,,,,102020
כמותי,מעגלים,1,672,מעגלים,4,105,1,,,,105001
כמותי,מעגלים,1,673,מעגלים,1,105,2,,,,105002
כמותי,מעגלים,1,674,מעגלים,3,105,3,,,,105003
כמותי,מעגלים,1,676,מעגלים,4,106,4,,,,106004
כמותי,מעגלים,1,677,מעגלים,2,106,5,,,,106005
כמותי,מעגלים,1,678,מעגלים,5,106,6,,,,106006
כמותי,מעגלים,1,679,מעגלים,5,107,7,,,,107007
כמותי,מעגלים,1,681,מעגלים,6,107,8,,,,107008
כמותי,מעגלים,2,683,מעגלים,5,107,9,,,,107009
כמותי,מעגלים,2,684,מעגלים,7,108,10,,,,108010
כמותי,מעגלים,2,685,מעגלים,5,108,11,,,,108011
כמותי,מעגלים,2,686,מעגלים,6,108,12,,,,108012
כמותי,מעגלים,2,687,מעגלים,4,109,13,,,,109013
כמותי,מעגלים,2,688,מעגלים,6,109,14,,,,109014
כמותי,מעגלים,2,689,מעגלים,7,109,15,,,,109015
כמותי,מעגלים,2,690,מעגלים,6,110,16,,,,110016
כמותי,מעגלים,2,691,מעגלים,8,110,17,,,,110017
כמותי,מעגלים,2,692,מעגלים,7,110,18,,,,110018
כמותי,מעגלים,2,693,מעגלים,8,111,19,,,,111019
כמותי,מעגלים,2,694,מעגלים,6,111,20,,,,111020
כמותי,מעגלים,2,695,מעגלים,6,111,21,,,,111021
כמותי,מעגלים,2,696,מעגלים,8,112,22,,,,112022
כמותי,מעגלים,2,697,מעגלים,8,112,23,,,,112023
כמותי,מעגלים,3,710,מעגלים,6,112,24,,,,112024
כמותי,מעגלים,3,711,מעגלים,9,113,25,,,,113025
כמותי,מעגלים,3,712,מעגלים,7,113,26,,,,113026
כמותי,מעגלים,3,714,מעגלים,8,113,27,,,,113027
כמותי,מעגלים,3,716,מעגלים,9,114,28,,,,114028
כמותי,מעגלים,3,717,מעגלים,5,114,29,,,,114029
כמותי,מעגלים,3,719,מעגלים,7,114,30,,,,114030
כמותי,דמיון צורות,1,721,דמיון צורות,2,117,1,,,,117001
כמותי,דמיון צורות,1,722,דמיון צורות,3,117,2,,,,117002
כמותי,דמיון צורות,1,724,דמיון צורות,2,117,3,,,,117003
כמותי,דמיון צורות,1,725,דמיון צורות,4,118,4,,,,118004
כמותי,דמיון צורות,1,726,דמיון צורות,1,118,5,,,,118005
כמותי,דמיון צורות,1,727,דמיון צורות,5,118,6,,,,118006
כמותי,דמיון צורות,1,729,דמיון צורות,5,119,7,,,,119007
כמותי,דמיון צורות,1,730,דמיון צורות,7,119,8,,,,119008
כמותי,דמיון צורות,2,808,דמיון צורות,4,120,9,,,,120009
כמותי,דמיון צורות,2,809,דמיון צורות,4,120,10,,,,120010
כמותי,דמיון צורות,2,810,דמיון צורות,4,120,11,,,,120011
כמותי,דמיון צורות,2,811,דמיון צורות,4,121,12,,,,121012
כמותי,דמיון צורות,2,812,מעגלים,6,121,13,,,,121013
כמותי,דמיון צורות,2,813,דמיון צורות,7,121,14,,,,121014
כמותי,דמיון צורות,2,814,דמיון צורות,7,122,15,,,,122015
כמותי,משפט פיתגורס,1,767,פיתגורס,4,125,1,,,,125001
כמותי,משפט פיתגורס,1,768,פיתגורס,7,125,2,,,,125002
כמותי,משפט פיתגורס,1,769,פיתגורס,7,125,3,,,,125003
כמותי,משפט פיתגורס,1,770,פיתגורס,5,125,4,,,,125004
כמותי,משפט פיתגורס,1,780,פיתגורס,6,126,5,,,,126005
כמותי,משפט פיתגורס,1,791,פיתגורס,7,126,6,,,,126006
כמותי,משפט פיתגורס,1,792,פיתגורס,7.5,126,7,,,,126007
כמותי,משפט פיתגורס,1,793,פיתגורס,6,126,8,,,,126008
כמותי,משפט פיתגורס,2,794,פיתגורס,8,127,9,,,,127009
כמותי,משפט פיתגורס,2,795,פיתגורס,9,127,10,,,,127010
כמותי,משפט פיתגורס,2,796,פיתגורס,8,127,11,,,,127011
כמותי,משפט פיתגורס,2,799,פיתגורס,8,127,12,,,,127012
כמותי,משפט פיתגורס,2,802,פיתגורס,9,128,13,,,,128013
כמותי,משפט פיתגורס,2,803,פיתגורס,10,128,14,,,,128014
כמותי,משפט פיתגורס,2,829,פיתגורס,10,128,15,,,,128015
כמותי,שטחים,1,936,שטחים,9,131,1,,,,131001
כמותי,שטחים,1,937,שטחים,5,131,2,,,,131002
כמותי,שטחים,1,938,שטחים,7,131,3,,,,131003
כמותי,שטחים,1,939,שטחים,5,132,4,,,,132004
כמותי,שטחים,1,940,שטחים,4,132,5,,,,132005
כמותי,שטחים,1,941,שטחים,5,132,6,,,,132006
כמותי,שטחים,1,942,שטחים,5,133,7,,,,133007
כמותי,שטחים,1,954,שטחים,6,133,8,,,,133008
כמותי,שטחים,1,955,שטחים,4,133,9,,,,133009
כמותי,שטחים,1,956,שטחים,4,134,10,,,,134010
כמותי,שטחים,1,957,שטחים,6,134,11,,,,134011
כמותי,שטחים,1,958,שטחים,6,134,12,,,,134012
כמותי,שטחים,1,959,שטחים,6,135,13,,,,135013
כמותי,שטחים,1,960,שטחים,5,135,14,,,,135014
כמותי,שטחים,1,961,שטחים,6,135,15,,,,135015
כמותי,שטחים,2,962,שטחים,4,136,16,,,,136016
כמותי,שטחים,2,963,שטחים,7.5,136,17,,,,136017
כמותי,שטחים,2,968,שטחים,7,136,18,,,,136018
כמותי,שטחים,2,971,שטחים,6,137,19,,,,137019
כמותי,שטחים,2,975,שטחים,6,137,20,,,,137020
כמותי,שטחים,2,994,שטחים,8,137,21,,,,137021
כמותי,שטחים,2,995,שטחים,7,138,22,,,,138022
כמותי,שטחים,2,998,שטחים,8,138,23,,,,138023
כמותי,שטחים,2,1011,שטחים,8,138,24,,,,138024
כמותי,שטחים,2,1012,שטחים,8,139,25,,,,139025
כמותי,שטחים,2,1013,שטחים,8,139,26,,,,139026
כמותי,שטחים,2,1015,שטחים,6,139,27,,,,139027
כמותי,שטחים,2,1028,שטחים,6,140,28,,,,140028
כמותי,שטחים,2,1038,שטחים,6,140,29,,,,140029
כמותי,שטחים,2,1039,שטחים,5,140,30,,,,140030
כמותי,שטחים,2,1040,שטחים,6,140,31,,,,140031
כמותי,שטחים,2,1041,שטחים,5,141,32,,,,141032
כמותי,שטחים,2,1054,שטחים,7,141,33,,,,141033
כמותי,שטחים,2,1059,שטחים,6.5,141,34,,,,141034
כמותי,שטחים,2,1057,שטחים,4,141,35,,,,141035
כמותי,שטחים,2,1061,שטחים,8,142,36,,,,142036
כמותי,שטחים,2,1113,שטחים,10,142,37,,,,142037
כמותי,שטחים,2,1114,שטחים,9,142,38,,,,142038
כמותי,שטחים,2,1115,שטחים,9,143,39,,,,143039
כמותי,שטחים,2,1117,שטחים,8.5,143,40,,,,143040
כמותי,שטחים,3,1118,שטחים,6,143,41,,,,143041
כמותי,שטחים,3,1119,שטחים,7,144,42,,,,144042
כמותי,שטחים,3,1120,שטחים,10,144,43,,,,144043
כמותי,שטחים,3,1121,שטחים,9,144,44,,,,144044
כמותי,שטחים,3,1122,שטחים,10,145,45,,,,145045
כמותי,שטחים,3,1123,שטחים,8,145,46,,,,145046
כמותי,שטחים,3,1125,שטחים,8,145,47,,,,145047
כמותי,שטחים,3,1126,שטחים,9,146,48,,,,146048
כמותי,שטחים,3,1127,שטחים,8,146,49,,,,146049
כמותי,שטחים,3,1129,שטחים,9,146,50,,,,146050
כמותי,תלת-ממד,1,815,תלת-ממד,2,149,1,,,,149001
כמותי,תלת-ממד,1,816,תלת-ממד,3,149,2,,,,149002
כמותי,תלת-ממד,1,817,תלת-ממד,5,149,3,,,,149003
כמותי,תלת-ממד,1,818,תלת-ממד,4,150,4,,,,150004
כמותי,תלת-ממד,1,819,תלת-ממד,4,150,5,,,,150005
כמותי,תלת-ממד,1,820,תלת-ממד,3,150,6,,,,150006
כמותי,תלת-ממד,2,856,תלת-ממד,2,151,7,,,,151007
כמותי,תלת-ממד,2,857,תלת-ממד,5,151,8,,,,151008
כמותי,תלת-ממד,2,859,תלת-ממד,7.5,151,9,,,,151009
כמותי,תלת-ממד,2,860,תלת-ממד,5,152,10,,,,152010
כמותי,תלת-ממד,2,861,תלת-ממד,7.5,152,11,,,,152011
כמותי,תלת-ממד,2,863,תלת-ממד,4,152,12,,,,152012
כמותי,תלת-ממד,2,864,תלת-ממד,6,152,13,,,,152013
כמותי,תלת-ממד,2,866,תלת-ממד,5,153,14,,,,153014
כמותי,תלת-ממד,3,867,תלת-ממד,7,153,15,,,,153015
כמותי,תלת-ממד,3,868,תלת-ממד,8,153,16,,,,153016
כמותי,תלת-ממד,3,869,תלת-ממד,7,153,17,,,,153017
כמותי,תלת-ממד,3,870,תלת-ממד,5,154,18,,,,154018
כמותי,תלת-ממד,3,871,תלת-ממד,8,154,19,,,,154019
כמותי,תלת-ממד,3,872,תלת-ממד,9,154,20,,,,154020
כמותי,גיאומטריה אנליטית,1,888,אנליטית,1,157,1,,,,157001
כמותי,גיאומטריה אנליטית,1,894,אנליטית,4,157,2,,,,157002
כמותי,גיאומטריה אנליטית,1,897,אנליטית,5,157,3,,,,157003
כמותי,גיאומטריה אנליטית,1,901,אנליטית,6,158,4,,,,158004
כמותי,גיאומטריה אנליטית,1,904,אנליטית,4,158,5,,,,158005
כמותי,גיאומטריה אנליטית,1,927,אנליטית,6,158,6,,,,158006
כמותי,גיאומטריה אנליטית,2,928,אנליטית,2,159,7,,,,159007
כמותי,גיאומטריה אנליטית,2,929,אנליטית,5,159,8,,,,159008
כמותי,גיאומטריה אנליטית,2,930,אנליטית,7,159,9,,,,159009
כמותי,גיאומטריה אנליטית,2,931,אנליטית,4,159,10,,,,159010
כמותי,גיאומטריה אנליטית,2,932,אנליטית,6,160,11,,,,160011
כמותי,גיאומטריה אנליטית,2,933,אנליטית,5,160,12,,,,160012
כמותי,גיאומטריה אנליטית,2,934,אנליטית,4,160,13,,,,160013
כמותי,גיאומטריה אנליטית,2,935,אנליטית,7,160,14,,,,160014
כמותי,גיאומטריה אנליטית,3,967,אנליטית,4,161,15,,,,161015
כמותי,גיאומטריה אנליטית,3,970,אנליטית,5,161,16,,,,161016
כמותי,גיאומטריה אנליטית,3,972,אנליטית,6,161,17,,,,161017
כמותי,גיאומטריה אנליטית,3,974,אנליטית,5,162,18,,,,162018
כמותי,גיאומטריה אנליטית,3,976,אנליטית,4,162,19,,,,162019
כמותי,גיאומטריה אנליטית,3,977,אנליטית,7,162,20,,,,162020
כמותי,תרגול מעורב 1 גיאומטריה,1,980,מרובעים,5.5,165,1,,,,165001
כמותי,תרגול מעורב 1 גיאומטריה,1,982,משולשים,6,165,2,,,,165002
כמותי,תרגול מעורב 1 גיאומטריה,1,985,משולשים,6,165,3,,,,165003
כמותי,תרגול מעורב 1 גיאומטריה,1,986,קווים וזוויות,4,166,4,,,,166004
כמותי,תרגול מעורב 1 גיאומטריה,1,987,קווים וזוויות,1,166,5,,,,166005
כמותי,תרגול מעורב 1 גיאומטריה,2,989,קווים וזוויות,1,167,6,,,,167006
כמותי,תרגול מעורב 1 גיאומטריה,2,991,משולשים,4,167,7,,,,167007
כמותי,תרגול מעורב 1 גיאומטריה,2,993,מרובעים,3,167,8,,,,167008
כמותי,תרגול מעורב 1 גיאומטריה,2,1008,קווים וזוויות,3,168,9,,,,168009
כמותי,תרגול מעורב 1 גיאומטריה,2,1009,מרובעים,7,168,10,,,,168010
כמותי,תרגול מעורב 2 גיאומטריה,1,1049,קווים וזוויות,2,169,1,,,,169001
כמותי,תרגול מעורב 2 גיאומטריה,1,1050,מעגלים,4,169,2,,,,169002
כמותי,תרגול מעורב 2 גיאומטריה,1,1051,משולשים,4,169,3,,,,169003
כמותי,תרגול מעורב 2 גיאומטריה,1,1052,פיתגורס,8.5,170,5,,,,170005
כמותי,תרגול מעורב 2 גיאומטריה,2,1053,מעגלים,4,171,6,,,,171006
כמותי,תרגול מעורב 2 גיאומטריה,2,1055,דמיון צורות,2,171,7,,,,171007
כמותי,תרגול מעורב 2 גיאומטריה,2,1056,מעגלים,5,171,8,,,,171008
כמותי,תרגול מעורב 2 גיאומטריה,2,1058,פיתגורס,6,172,9,,,,172009
כמותי,תרגול מעורב 2 גיאומטריה,2,1060,משולשים,4,172,10,,,,172010
כמותי,תרכול מוערב 3 בגיאומטריה,1,3436,מרובעים,5,173,1,,,,173001
כמותי,תרכול מוערב 3 בגיאומטריה,1,,,,173,2,1,,,173002
כמותי,תרכול מוערב 3 בגיאומטריה,1,,,,173,3,1,,,173003
כמותי,תרכול מוערב 3 בגיאומטריה,1,1062,שטחים,2,174,4,,,,174004
כמותי,תרכול מוערב 3 בגיאומטריה,1,3497,שטחים,4,174,4,,,,174004
כמותי,תרכול מוערב 3 בגיאומטריה,1,,,,174,5,1,,,174005
כמותי,תרכול מוערב 3 בגיאומטריה,2,1064,שטחים,7,175,6,,,,175006
כמותי,תרכול מוערב 3 בגיאומטריה,2,3500,פיתגורס,7,175,7,,,,175007
כמותי,תרכול מוערב 3 בגיאומטריה,2,3506,מעגלים,6.5,175,8,,,,175008
כמותי,תרכול מוערב 3 בגיאומטריה,2,1065,שטחים,7,176,9,,,,176009
כמותי,תרכול מוערב 3 בגיאומטריה,2,1066,שטחים,4,176,10,,,,176010
כמותי,בעיות יחס,1,3778,יחס,1.5,179,1,,,,179001
כמותי,בעיות יחס,1,,,,179,2,1,,,179002
כמותי,בעיות יחס,1,3827,יחס,2,179,3,,,,179003
כמותי,בעיות יחס,1,3885,יחס,2,179,4,,,,179004
כמותי,בעיות יחס,1,3894,יחס,3,180,5,,,,180005
כמותי,בעיות יחס,1,3901,יחס,1.5,180,6,,,,180006
כמותי,בעיות יחס,1,3935,יחס,3.5,180,7,,,,180007
כמותי,בעיות יחס,2,3936,יחס,3,180,8,,,,180008
כמותי,בעיות יחס,2,3937,יחס,3.5,181,9,,,,181009
כמותי,בעיות יחס,2,5390,יחס,4.5,181,10,,,,181010
כמותי,בעיות יחס,2,5394,יחס,7,181,11,,,,181011
כמותי,בעיות יחס,2,5397,יחס,5.5,181,12,,,,181012
כמותי,בעיות יחס,2,5401,יחס,6,182,13,,,,182013
כמותי,בעיות יחס,2,5403,יחס,1,182,14,,,,182014
כמותי,בעיות יחס,2,5411,יחס,1.5,182,15,,,,182015
כמותי,בעיות יחס,2,5416,יחס,2.5,182,16,,,,182016
כמותי,בעיות ממוצע,1,631,ממוצע,2,185,1,,,,185001
כמותי,בעיות ממוצע,1,635,ממוצע,4,185,2,,,,185002
כמותי,בעיות ממוצע,1,640,ממוצע,5,185,3,,,,185003
כמותי,בעיות ממוצע,1,642,ממוצע,5,185,4,,,,185004
כמותי,בעיות ממוצע,1,643,ממוצע,7,186,5,,,,186005
כמותי,בעיות ממוצע,1,644,ממוצע,8,186,6,,,,186006
כמותי,בעיות ממוצע,2,645,ממוצע,9.5,186,7,,,,186007
כמותי,בעיות ממוצע,2,646,ממוצע,5,186,8,,,,186008
כמותי,בעיות ממוצע,2,647,ממוצע,6.5,187,9,,,,187009
כמותי,בעיות ממוצע,2,662,ממוצע,9,187,10,,,,187010
כמותי,בעיות ממוצע,2,664,ממוצע,6,187,11,,,,187011
כמותי,בעיות ממוצע,2,667,ממוצע,7,187,12,,,,187012
כמותי,בעיות ממוצע,2,668,ממוצע,7,187,13,,,,187013
כמותי,בעיות ממוצע,2,834,ממוצע,6,188,14,,,,188014
כמותי,בעיות ממוצע,2,838,ממוצע,4.5,188,15,,,,188015
כמותי,בעיות ממוצע,2,844,ממוצע,6.5,188,16,,,,188016
כמותי,בעיות ממוצע,3,846,ממוצע,6.5,189,17,,,,189017
כמותי,בעיות ממוצע,3,7722,ממוצע,3.5,189,18,,,,189018
כמותי,בעיות ממוצע,3,848,ממוצע,1.5,189,19,,,,189019
כמותי,בעיות ממוצע,3,892,ממוצע,1,189,20,,,,189020
כמותי,בעיות ממוצע,3,902,ממוצע,4,190,21,,,,190021
כמותי,בעיות ממוצע,3,905,ממוצע,4,190,22,,,,190022
כמותי,בעיות אחוזים,1,964,אחוזים,1,193,1,,,,193001
כמותי,בעיות אחוזים,1,965,אחוזים,2,193,2,,,,193002
כמותי,בעיות אחוזים,1,966,אחוזים,3,193,3,,,,193003
כמותי,בעיות אחוזים,1,969,אחוזים,2,194,4,,,,194004
כמותי,בעיות אחוזים,1,,,,194,5,1,,,194005
כמותי,בעיות אחוזים,1,996,אחוזים,2,194,6,,,,194006
כמותי,בעיות אחוזים,2,997,אחוזים,2,194,7,,,,194007
כמותי,בעיות אחוזים,2,999,אחוזים,6,195,8,,,,195008
כמותי,בעיות אחוזים,2,1000,אחוזים,1,195,9,,,,195009
כמותי,בעיות אחוזים,2,1001,אחוזים,3,195,10,,,,195010
כמותי,בעיות אחוזים,2,,,,195,11,1,,,195011
כמותי,בעיות אחוזים,2,1002,אחוזים,2,196,12,,,,196012
כמותי,בעיות אחוזים,2,1005,אחוזים,5,196,13,,,,196013
כמותי,בעיות אחוזים,2,1007,אחוזים,6,196,14,,,,196014
כמותי,בעיות אחוזים,3,1042,אחוזים,6,196,15,,,,196015
כמותי,בעיות אחוזים,3,1043,אחוזים,4,197,16,,,,197016
כמותי,בעיות אחוזים,3,1044,אחוזים,6,197,17,,,,197017
כמותי,בעיות אחוזים,3,1045,אחוזים,5,197,18,,,,197018
כמותי,בעיות אחוזים,3,1046,אחוזים,7,198,19,,,,198019
כמותי,בעיות אחוזים,3,1047,אחוזים,6,198,20,,,,198020
כמותי,בעיות אחוזים,3,1048,אחוזים,8,198,21,,,,198021
כמותי,בעיות תנועה,1,3247,תנועה,4.5,201,1,,,,201001
כמותי,בעיות תנועה,1,3448,תנועה,4,201,2,,,,201002
כמותי,בעיות תנועה,1,3450,תנועה,2,201,3,,,,201003
כמותי,בעיות תנועה,1,3596,תנועה,7,202,4,,,,202004
כמותי,בעיות תנועה,1,3599,תנועה,7,202,5,,,,202005
כמותי,בעיות תנועה,1,3600,תנועה,2,202,6,,,,202006
כמותי,בעיות תנועה,2,3603,תנועה,5.5,202,7,,,,202007
כמותי,בעיות תנועה,2,3605,תנועה,6.5,203,8,,,,203008
כמותי,בעיות תנועה,2,3607,תנועה,8,203,9,,,,203009
כמותי,בעיות תנועה,2,3609,תנועה,7.5,203,10,,,,203010
כמותי,בעיות תנועה,2,3613,תנועה,9,203,11,,,,203011
כמותי,בעיות תנועה,2,3637,פיתגורס,7,204,12,,,,204012
כמותי,בעיות תנועה,2,3639,תנועה,8,204,13,,,,204013
כמותי,בעיות תנועה,2,3641,תנועה,5.5,204,14,,,,204014
כמותי,בעיות תנועה,3,3642,תנועה,7.5,205,15,,,,205015
כמותי,בעיות תנועה,3,3643,תנועה,7,205,16,,,,205016
כמותי,בעיות תנועה,3,3644,תנועה,6,205,17,,,,205017
כמותי,בעיות תנועה,3,3645,תנועה,8,206,19,,,,206019
כמותי,בעיות תנועה,3,3646,תנועה,5.5,206,20,,,,206020
כמותי,בעיות הספק,1,3647,הספק,2,209,1,,,,209001
כמותי,בעיות הספק,1,3648,הספק,3,209,2,,,,209002
כמותי,בעיות הספק,1,3649,הספק,2,209,3,,,,209003
כמותי,בעיות הספק,1,3650,הספק,7,209,4,,,,209004
כמותי,בעיות הספק,1,3651,הספק,6,210,5,,,,210005
כמותי,בעיות הספק,1,3652,הספק,8,210,6,,,,210006
כמותי,בעיות הספק,1,3653,הספק,6,210,7,,,,210007
כמותי,בעיות הספק,1,3654,הספק,7,210,8,,,,210008
כמותי,בעיות הספק,2,3655,הספק,7,211,9,,,,211009
כמותי,בעיות הספק,2,3656,הספק,5,211,10,,,,211010
כמותי,בעיות הספק,2,3657,הספק,3.5,211,11,,,,211011
כמותי,בעיות הספק,2,3658,הספק,8,211,12,,,,211012
כמותי,בעיות הספק,2,3659,הספק,6,211,13,,,,211013
כמותי,בעיות הספק,2,4141,הספק,6,212,14,,,,212014
כמותי,בעיות הספק,2,4144,הספק,8,212,15,,,,212015
כמותי,בעיות הספק,2,4146,הספק,6,212,16,,,,212016
כמותי,בעיות הספק,2,4148,הספק,6,212,17,,,,212017
כמותי,בעיות הספק,2,4153,הספק,5,212,18,,,,212018
כמותי,בעיות הספק,3,4157,הספק,5,213,19,,,,213019
כמותי,בעיות הספק,3,4160,הספק,10,213,20,,,,213020
כמותי,בעיות הספק,3,4162,הספק,5,213,21,,,,213021
כמותי,בעיות הספק,3,4164,הספק,7,213,22,,,,213022
כמותי,בעיות הספק,3,4168,הספק,6,214,23,,,,214023
כמותי,בעיות הספק,3,4176,הספק,8,214,24,,,,214024
כמותי,בעיות הספק,3,4178,הספק,10,214,25,,,,214025
כמותי,בעיות כלליות,1,675,כלליות 2,4,217,1,,,,217001
כמותי,בעיות כלליות,1,680,כלליות 1,5,217,2,,,,217002
כמותי,בעיות כלליות,1,682,כלליות 1,3.5,217,3,,,,217003
כמותי,בעיות כלליות,1,,,,218,4,1,,,218004
כמותי,בעיות כלליות,1,732,כלליות 1,3,218,5,,,,218005
כמותי,בעיות כלליות,1,733,כלליות 2,4,218,6,,,,218006
כמותי,בעיות כלליות,1,734,כלליות 2,4,219,7,,,,219007
כמותי,בעיות כלליות,1,755,כלליות 2,5,219,8,,,,219008
כמותי,בעיות כלליות,1,756,כלליות 1,5,219,9,,,,219009
כמותי,בעיות כלליות,1,757,כלליות 2,6,220,10,,,,220010
כמותי,בעיות כלליות,1,758,כלליות 2,4,220,11,,,,220011
כמותי,בעיות כלליות,1,759,כלליות 1,4,220,12,,,,220012
כמותי,בעיות כלליות,2,760,כלליות 1,6,221,13,,,,221013
כמותי,בעיות כלליות,2,761,כלליות 2,5,221,14,,,,221014
כמותי,בעיות כלליות,2,762,כלליות 1,4,221,15,,,,221015
כמותי,בעיות כלליות,2,763,כלליות 1,7,222,16,,,,222016
כמותי,בעיות כלליות,2,804,כלליות 1,6,222,17,,,,222017
כמותי,בעיות כלליות,2,,,,222,18,1,,,222018
כמותי,בעיות כלליות,2,806,כלליות 1,6,223,19,,,,223019
כמותי,בעיות כלליות,2,807,כלליות 2,7,223,20,,,,223020
כמותי,בעיות כלליות,2,830,כלליות 2,4,223,21,,,,223021
כמותי,בעיות כלליות,2,,,,224,22,1,,,224022
כמותי,בעיות כלליות,2,832,כלליות 2,4,224,23,,,,224023
כמותי,בעיות כלליות,2,833,כלליות 2,8,224,24,,,,224024
כמותי,בעיות צירופים,1,873,צירופים,2,227,1,,,,227001
כמותי,בעיות צירופים,1,874,צירופים,3,227,2,,,,227002
כמותי,בעיות צירופים,1,875,צירופים,3.5,227,3,,,,227003
כמותי,בעיות צירופים,1,876,צירופים,4,228,4,,,,228004
כמותי,בעיות צירופים,1,877,צירופים,1,228,5,,,,228005
כמותי,בעיות צירופים,1,878,צירופים,5,228,6,,,,228006
כמותי,בעיות צירופים,2,879,צירופים,5,229,7,,,,229007
כמותי,בעיות צירופים,2,880,צירופים,2.5,229,8,,,,229008
כמותי,בעיות צירופים,2,881,צירופים,7,229,9,,,,229009
כמותי,בעיות צירופים,2,882,צירופים,5.5,229,10,,,,229010
כמותי,בעיות צירופים,2,883,צירופים,7,230,11,,,,230011
כמותי,בעיות צירופים,2,885,צירופים,6,230,12,,,,230012
כמותי,בעיות צירופים,2,886,צירופים,7,230,13,,,,230013
כמותי,בעיות צירופים,2,887,צירופים,2,230,14,,,,230014
כמותי,בעיות צירופים,2,889,צירופים,7,230,15,,,,230015
כמותי,בעיות צירופים,2,890,צירופים,6,231,16,,,,231016
כמותי,בעיות צירופים,3,893,צירופים,7.5,231,17,,,,231017
כמותי,בעיות צירופים,3,895,צירופים,5,231,18,,,,231018
כמותי,בעיות צירופים,3,896,צירופים,7.5,232,19,,,,232019
כמותי,בעיות צירופים,3,899,צירופים,7,232,20,,,,232020
כמותי,בעיות צירופים,3,900,צירופים,7,232,21,,,,232021
כמותי,בעיות צירופים,3,903,צירופים,8.5,232,22,,,,232022
כמותי,בעיות הסתברות,1,,,,235,1,1,,,235001
כמותי,בעיות הסתברות,1,,,,235,2,1,,,235002
כמותי,בעיות הסתברות,1,1088,הסתברות,6,235,3,,,,235003
כמותי,בעיות הסתברות,1,1102,הסתברות,7,236,4,,,,236004
כמותי,בעיות הסתברות,1,1105,הסתברות,5,236,5,,,,236005
כמותי,בעיות הסתברות,1,1116,הסתברות,7,236,6,,,,236006
כמותי,בעיות הסתברות,2,1124,הסתברות,6,237,7,,,,237007
כמותי,בעיות הסתברות,2,1128,הסתברות,8,237,8,,,,237008
כמותי,בעיות הסתברות,2,1130,הסתברות,7.5,237,9,,,,237009
כמותי,בעיות הסתברות,2,1183,הסתברות,6,238,10,,,,238010
כמותי,בעיות הסתברות,2,1190,הסתברות,7.5,238,11,,,,238011
כמותי,בעיות הסתברות,2,1191,הסתברות,8,238,12,,,,238012
כמותי,בעיות הסתברות,2,1197,הסתברות,8,238,13,,,,238013
כמותי,בעיות הסתברות,2,,,,239,14,1,,,239014
כמותי,בעיות הסתברות,3,1203,הסתברות,6.5,239,15,,,,239015
כמותי,בעיות הסתברות,3,1207,הסתברות,7,239,16,,,,239016
כמותי,בעיות הסתברות,3,1316,הסתברות,7,239,17,,,,239017
כמותי,בעיות הסתברות,3,,,,240,18,1,,,240018
כמותי,בעיות הסתברות,3,1322,הסתברות,8,240,19,,,,240019
כמותי,תרגול מעורב 1 בעיות,1,3309,יחס,3.5,243,1,,,,243001
כמותי,תרגול מעורב 1 בעיות,1,3310,כלליות 2,2,243,2,,,,243002
כמותי,תרגול מעורב 1 בעיות,1,3312,כלליות 1,5,243,3,,,,243003
כמותי,תרגול מעורב 1 בעיות,1,3315,יחס,3,244,4,,,,244004
כמותי,תרגול מעורב 1 בעיות,1,3317,כלליות 1,2.5,244,5,,,,244005
כמותי,תרגול מעורב 1 בעיות,2,3341,כלליות 1,2.5,245,6,,,,245006
כמותי,תרגול מעורב 1 בעיות,2,3343,כלליות 1,8,245,7,,,,245007
כמותי,תרגול מעורב 1 בעיות,2,3344,יחס,4,245,8,,,,245008
כמותי,תרגול מעורב 1 בעיות,2,3345,יחס,2.5,246,9,,,,246009
כמותי,תרגול מעורב 1 בעיות,2,3349,כלליות 1,3,246,10,,,,246010
כמותי,תרגול מעורב 2 בעיות,1,3351,אחוזים,4.5,247,1,,,,247001
כמותי,תרגול מעורב 2 בעיות,1,3352,ממוצע,3,247,2,,,,247002
כמותי,תרגול מעורב 2 בעיות,1,3353,כלליות 1,2,247,3,,,,247003
כמותי,תרגול מעורב 2 בעיות,1,3354,כלליות 1,4,248,4,,,,248004
כמותי,תרגול מעורב 2 בעיות,1,3355,אחוזים,3,248,5,,,,248005
כמותי,תרגול מעורב 2 בעיות,2,3356,ממוצע,2,249,6,,,,249006
כמותי,תרגול מעורב 2 בעיות,2,3357,אחוזים,6,249,7,,,,249007
כמותי,תרגול מעורב 2 בעיות,2,3359,יחס,3,249,8,,,,249008
כמותי,תרגול מעורב 2 בעיות,2,3360,אחוזים,4,250,9,,,,250009
כמותי,תרגול מעורב 2 בעיות,2,3361,אחוזים,6.5,250,10,,,,250010
כמותי,תרגול מעורב 3 בעיות,1,3364,כלליות 2,3.5,251,1,,,,251001
כמותי,תרגול מעורב 3 בעיות,1,3366,כלליות 1,3,251,2,,,,251002
כמותי,תרגול מעורב 3 בעיות,1,,,,251,3,1,,,251003
כמותי,תרגול מעורב 3 בעיות,1,3370,יחס,2,252,4,,,,252004
כמותי,תרגול מעורב 3 בעיות,1,3372,תנועה,5,252,5,,,,252005
כמותי,תרגול מעורב 3 בעיות,2,3374,כלליות 2,3,253,6,,,,253006
כמותי,תרגול מעורב 3 בעיות,2,3375,אחוזים,1.5,253,7,,,,253007
כמותי,תרגול מעורב 3 בעיות,2,3377,ממוצע,2.5,253,8,,,,253008
כמותי,תרגול מעורב 3 בעיות,2,3378,כלליות 1,5,254,9,,,,254009
כמותי,תרגול מעורב 3 בעיות,2,,,,254,10,1,,,254010
כמותי,הסקה מתרשים או מטבלה,1,7261,הסקה מתרשים,2.5,257,1,,,,257001
כמותי,הסקה מתרשים או מטבלה,1,7262,הסקה מתרשים,2.5,257,2,,,,257002
כמותי,הסקה מתרשים או מטבלה,1,7263,הסקה מתרשים,4,257,3,,,,257003
כמותי,הסקה מתרשים או מטבלה,2,7265,הסקה מתרשים,5,259,4,,,,259004
כמותי,הסקה מתרשים או מטבלה,2,7266,הסקה מתרשים,7.5,259,5,,,,259005
כמותי,הסקה מתרשים או מטבלה,2,7267,הסקה מתרשים,7,259,6,,,,259006
כמותי,הסקה מתרשים או מטבלה,2,7268,הסקה מתרשים,5.5,259,7,,,,259007
כמותי,הסקה מתרשים או מטבלה,3,7272,הסקה מתרשים,5,260,8,,,,260008
כמותי,הסקה מתרשים או מטבלה,3,7273,הסקה מתרשים,8,261,9,,,,261009
כמותי,הסקה מתרשים או מטבלה,3,7274,הסקה מתרשים,10,261,10,,,,261010
כמותי,הסקה מתרשים או מטבלה,3,7275,הסקה מתרשים,9,261,11,,,,261011
כמותי,הסקה מתרשים או מטבלה,4,7276,הסקה מתרשים,6,262,12,,,,262012
כמותי,הסקה מתרשים או מטבלה,4,7277,הסקה מתרשים,8,262,13,,,,262013
כמותי,הסקה מתרשים או מטבלה,4,10864,הסקה מתרשים,9,263,14,,,,263014
כמותי,הסקה מתרשים או מטבלה,4,7279,הסקה מתרשים,9,263,15,,,,263015
כמותי,הסקה מתרשים או מטבלה,5,7280,הסקה מתרשים,5,264,16,,,,264016
כמותי,הסקה מתרשים או מטבלה,5,7281,הסקה מתרשים,6,265,17,,,,265017
כמותי,הסקה מתרשים או מטבלה,5,7282,הסקה מתרשים,6,265,18,,,,265018
כמותי,הסקה מתרשים או מטבלה,5,7283,הסקה מתרשים,6,265,19,,,,265019
כמותי,הסקה מתרשים או מטבלה,6,7397,הסקה מתרשים,3,266,20,,,,266020
כמותי,הסקה מתרשים או מטבלה,6,7399,הסקה מתרשים,7,267,21,,,,267021
כמותי,הסקה מתרשים או מטבלה,6,7400,הסקה מתרשים,6.5,267,22,,,,267022
כמותי,הסקה מתרשים או מטבלה,6,7402,הסקה מתרשים,5.5,267,23,,,,267023
כמותי,הסקה מתרשים או מטבלה,7,7444,הסקה מתרשים,3.5,268,24,,,,268024
כמותי,הסקה מתרשים או מטבלה,7,7445,הסקה מתרשים,3,269,25,,,,269025
כמותי,הסקה מתרשים או מטבלה,7,7446,הסקה מתרשים,2,269,26,,,,269026
כמותי,הסקה מתרשים או מטבלה,7,7447,הסקה מתרשים,2.5,269,27,,,,269027
כמותי,הסקה מתרשים או מטבלה,8,7448,הסקה מתרשים,5,271,28,,,,271028
כמותי,הסקה מתרשים או מטבלה,8,7449,הסקה מתרשים,7,271,29,,,,271029
כמותי,הסקה מתרשים או מטבלה,8,7450,הסקה מתרשים,7,271,30,,,,271030
כמותי,הסקה מתרשים או מטבלה,8,7451,הסקה מתרשים,10,271,31,,,,271031
כמותי,הסקה מתרשים או מטבלה,9,7452,הסקה מתרשים,7,273,32,,,,273032
כמותי,הסקה מתרשים או מטבלה,9,7453,הסקה מתרשים,8,273,33,,,,273033
כמותי,הסקה מתרשים או מטבלה,9,7454,הסקה מתרשים,8,273,34,,,,273034
כמותי,הסקה מתרשים או מטבלה,9,7455,הסקה מתרשים,10,273,35,,,,273035
כמותי,הסקה מתרשים או מטבלה,10,7483,הסקה מתרשים,5,274,36,,,,274036
כמותי,הסקה מתרשים או מטבלה,10,7484,הסקה מתרשים,7,275,37,,,,275037
כמותי,הסקה מתרשים או מטבלה,10,7485,הסקה מתרשים,7,275,38,,,,275038
כמותי,הסקה מתרשים או מטבלה,10,7486,הסקה מתרשים,7,275,39,,,,275039
כמותי,הסקה מתרשים או מטבלה,11,7487,הסקה מתרשים,7,276,40,,,,276040
כמותי,הסקה מתרשים או מטבלה,11,7488,הסקה מתרשים,8,277,41,,,,277041
כמותי,הסקה מתרשים או מטבלה,11,7489,הסקה מתרשים,5,277,42,,,,277042
כמותי,הסקה מתרשים או מטבלה,11,7490,הסקה מתרשים,8,277,43,,,,277043
כמותי,הסקה מתרשים או מטבלה,12,7491,הסקה מתרשים,5,279,44,,,,279044
כמותי,הסקה מתרשים או מטבלה,12,7492,הסקה מתרשים,6,279,45,,,,279045
כמותי,הסקה מתרשים או מטבלה,12,7493,הסקה מתרשים,4,279,46,,,,279046
כמותי,הסקה מתרשים או מטבלה,12,7494,הסקה מתרשים,5,279,47,,,,279047
כמותי,הסקה מתרשים או מטבלה,13,7495,הסקה מתרשים,5,280,48,,,,280048
כמותי,הסקה מתרשים או מטבלה,13,7496,הסקה מתרשים,5,281,49,,,,281049
כמותי,הסקה מתרשים או מטבלה,13,7497,הסקה מתרשים,6,281,50,,,,281050
כמותי,הסקה מתרשים או מטבלה,13,7498,הסקה מתרשים,10,281,51,,,,281051
כמותי,הסקה מתרשים או מטבלה,14,7499,הסקה מתרשים,5,283,52,,,,283052
כמותי,הסקה מתרשים או מטבלה,14,7500,הסקה מתרשים,6,283,53,,,,283053
כמותי,הסקה מתרשים או מטבלה,14,7501,הסקה מתרשים,7,283,54,,,,283054
כמותי,הסקה מתרשים או מטבלה,14,7502,הסקה מתרשים,8,283,55,,,,283055
כמותי,הסקה מתרשים או מטבלה,15,7530,הסקה מתרשים,3,285,56,,,,285056
כמותי,הסקה מתרשים או מטבלה,15,7531,הסקה מתרשים,6,285,57,,,,285057
כמותי,הסקה מתרשים או מטבלה,15,7533,הסקה מתרשים,8,285,58,,,,285058
כמותי,הסקה מתרשים או מטבלה,15,7535,הסקה מתרשים,8,285,59,,,,285059
כמותי,הסקה מתרשים או מטבלה,16,7538,הסקה מתרשים,7,286,60,,,,286060
כמותי,הסקה מתרשים או מטבלה,16,7539,הסקה מתרשים,8.5,287,61,,,,287061
כמותי,הסקה מתרשים או מטבלה,16,7540,הסקה מתרשים,7,287,62,,,,287062
כמותי,הסקה מתרשים או מטבלה,16,7541,הסקה מתרשים,8.5,287,63,,,,287063
כמותי,הסקה מתרשים או מטבלה,17,7542,הסקה מתרשים,4,288,64,,,,288064
כמותי,הסקה מתרשים או מטבלה,17,7543,הסקה מתרשים,6,289,65,,,,289065
כמותי,הסקה מתרשים או מטבלה,17,7544,הסקה מתרשים,7.5,289,66,,,,289066
כמותי,הסקה מתרשים או מטבלה,17,7545,הסקה מתרשים,7,289,67,,,,289067
כמותי,הסקה מתרשים או מטבלה,18,7546,הסקה מתרשים,5,290,68,,,,290068
כמותי,הסקה מתרשים או מטבלה,18,7547,הסקה מתרשים,4,291,69,,,,291069
כמותי,הסקה מתרשים או מטבלה,18,7548,הסקה מתרשים,4,291,70,,,,291070
כמותי,הסקה מתרשים או מטבלה,18,7549,הסקה מתרשים,4,291,71,,,,291071
כמותי,הסקה מתרשים או מטבלה,19,7550,הסקה מתרשים,8,293,72,,,,293072
כמותי,הסקה מתרשים או מטבלה,19,7551,הסקה מתרשים,6.5,293,73,,,,293073
כמותי,הסקה מתרשים או מטבלה,19,7552,הסקה מתרשים,8,293,74,,,,293074
כמותי,הסקה מתרשים או מטבלה,19,7553,הסקה מתרשים,7,293,75,,,,293075
כמותי,הסקה מתרשים או מטבלה,20,7582,הסקה מתרשים,4,295,76,,,,295076
כמותי,הסקה מתרשים או מטבלה,20,7583,הסקה מתרשים,5,295,77,,,,295077
כמותי,הסקה מתרשים או מטבלה,20,7584,הסקה מתרשים,5,295,78,,,,295078
כמותי,הסקה מתרשים או מטבלה,20,7585,הסקה מתרשים,8,295,79,,,,295079
כמותי,הסקה מתרשים או מטבלה,21,7586,הסקה מתרשים,6,296,80,,,,296080
כמותי,הסקה מתרשים או מטבלה,21,7587,הסקה מתרשים,7,297,81,,,,297081
כמותי,הסקה מתרשים או מטבלה,21,7588,הסקה מתרשים,8,297,82,,,,297082
כמותי,הסקה מתרשים או מטבלה,21,7589,הסקה מתרשים,8,297,83,,,,297083
כמותי,הסקה מתרשים או מטבלה,22,7595,הסקה מתרשים,3,298,84,,,,298084
כמותי,הסקה מתרשים או מטבלה,22,7596,הסקה מתרשים,3.5,298,85,,,,298085
כמותי,הסקה מתרשים או מטבלה,22,10934,הסקה מתרשים,7,299,86,,,,299086
כמותי,הסקה מתרשים או מטבלה,22,10935,הסקה מתרשים,8,299,87,,,,299087
כמותי,הסקה מתרשים או מטבלה,23,7601,הסקה מתרשים,3,300,88,,,,300088
כמותי,הסקה מתרשים או מטבלה,23,7603,הסקה מתרשים,5,301,89,,,,301089
כמותי,הסקה מתרשים או מטבלה,23,7604,הסקה מתרשים,5,301,90,,,,301090
כמותי,הסקה מתרשים או מטבלה,23,7605,הסקה מתרשים,7,301,91,,,,301091
כמותי,הסקה מתרשים או מטבלה,24,7606,הסקה מתרשים,4,303,92,,,,303092
כמותי,הסקה מתרשים או מטבלה,24,7607,הסקה מתרשים,6,303,93,,,,303093
כמותי,הסקה מתרשים או מטבלה,24,7608,הסקה מתרשים,6,303,94,,,,303094
כמותי,הסקה מתרשים או מטבלה,24,7609,הסקה מתרשים,7,303,95,,,,303095
כמותי,הסקה מתרשים או מטבלה,25,7610,הסקה מתרשים,5,304,96,,,,304096
כמותי,הסקה מתרשים או מטבלה,25,7611,הסקה מתרשים,8,305,97,,,,305097
כמותי,הסקה מתרשים או מטבלה,25,7612,הסקה מתרשים,10,305,98,,,,305098
כמותי,הסקה מתרשים או מטבלה,25,7613,הסקה מתרשים,10,305,99,,,,305099
כמותי,הסקה מתרשים או מטבלה,26,7614,הסקה מתרשים,3,306,100,,,,306100
כמותי,הסקה מתרשים או מטבלה,26,7615,הסקה מתרשים,5,307,101,,,,307101
כמותי,הסקה מתרשים או מטבלה,26,7616,הסקה מתרשים,7,307,102,,,,307102
כמותי,הסקה מתרשים או מטבלה,26,7617,הסקה מתרשים,5,307,103,,,,307103
כמותי,הסקה מתרשים או מטבלה,27,7618,הסקה מתרשים,4,309,104,,,,309104
כמותי,הסקה מתרשים או מטבלה,27,7619,הסקה מתרשים,5,309,105,,,,309105
כמותי,הסקה מתרשים או מטבלה,27,7620,הסקה מתרשים,7,309,106,,,,309106
כמותי,הסקה מתרשים או מטבלה,27,7621,הסקה מתרשים,6,309,107,,,,309107
כמותי,הסקה מתרשים או מטבלה,27,7622,הסקה מתרשים,7,309,108,,,,309108
כמותי,הסקה מתרשים או מטבלה,28,7637,הסקה מתרשים,6,311,109,,,,311109
כמותי,הסקה מתרשים או מטבלה,28,7638,הסקה מתרשים,6,311,110,,,,311110
כמותי,הסקה מתרשים או מטבלה,28,7641,הסקה מתרשים,7,311,111,,,,311111
כמותי,הסקה מתרשים או מטבלה,28,7642,הסקה מתרשים,8,311,112,,,,311112
כמותי,הסקה מתרשים או מטבלה,28,7643,הסקה מתרשים,9,311,113,,,,311113
כמותי,הסקה מתרשים או מטבלה,29,7644,הסקה מתרשים,3,312,114,,,,312114
כמותי,הסקה מתרשים או מטבלה,29,7645,הסקה מתרשים,6,313,115,,,,313115
כמותי,הסקה מתרשים או מטבלה,29,7646,הסקה מתרשים,6,313,116,,,,313116
כמותי,הסקה מתרשים או מטבלה,29,7647,הסקה מתרשים,6,313,117,,,,313117
כמותי,הסקה מתרשים או מטבלה,29,7648,הסקה מתרשים,8,313,118,,,,313118
כמותי,הסקה מתרשים או מטבלה,30,7649,הסקה מתרשים,5,314,119,,,,314119
כמותי,הסקה מתרשים או מטבלה,30,7650,הסקה מתרשים,6,315,120,,,,315120
כמותי,הסקה מתרשים או מטבלה,30,7651,הסקה מתרשים,5,315,121,,,,315121
כמותי,הסקה מתרשים או מטבלה,30,7652,הסקה מתרשים,6,315,122,,,,315122
כמותי,הסקה מתרשים או מטבלה,30,7653,הסקה מתרשים,8,315,123,,,,315123
כמותי,תרגול כללי 1,1,10391,הסקה מתרשים,4,319,1,,,,319001
כמותי,תרגול כללי 1,1,10392,הסקה מתרשים,4,319,2,,,,319002
כמותי,תרגול כללי 1,1,10393,הסקה מתרשים,5,319,3,,,,319003
כמותי,תרגול כללי 1,1,10394,הסקה מתרשים,5,319,4,,,,319004
כמותי,תרגול כללי 1,1,10395,הסקה מתרשים,6,319,5,,,,319005
כמותי,תרגול כללי 1,1,10377,מעגלים,7,320,6,,,1,320006
כמותי,תרגול כללי 1,1,3535,מעגלים,6,320,6,,,,320006
כמותי,תרגול כללי 1,1,3547,אחוזים,5,320,7,,,1,320007
כמותי,תרגול כללי 1,1,10378,אחוזים,7,320,7,,,,320007
כמותי,תרגול כללי 1,1,3551,משוואות,3,320,8,,,1,320008
כמותי,תרגול כללי 1,1,10379,משוואות,6,320,8,,,,320008
כמותי,תרגול כללי 1,1,3618,ממוצע,4,320,9,,,1,320009
כמותי,תרגול כללי 1,1,10380,ממוצע,6,320,9,,,,320009
כמותי,תרגול כללי 1,1,,משולשים,,320,10,1,,,320010
כמותי,תרגול כללי 2,1,3720,יחס,4,322,1,,,1,322001
כמותי,תרגול כללי 2,1,10396,כלליות 1,2,322,1,,,,322001
כמותי,תרגול כללי 2,1,10397,אנליטית,5,322,2,,,,322002
כמותי,תרגול כללי 2,1,3755,כלליות 2,5,322,3,,,1,322003
כמותי,תרגול כללי 2,1,10398,כלליות 2,4,322,3,,,,322003
כמותי,תרגול כללי 2,1,3765,חיובי שלילי וערך מוחלט,6,323,4,,,1,323004
כמותי,תרגול כללי 2,1,10399,התנהגות אלגברית,5,323,4,,,,323004
כמותי,תרגול כללי 2,1,3768,שטחים,6,323,5,,,1,323005
כמותי,תרגול כללי 2,1,10400,שטחים,7,323,5,,,,323005
כמותי,תרגול כללי 2,1,10401,הסקה מתרשים,3,324,6,,,,324006
כמותי,תרגול כללי 2,1,10402,הסקה מתרשים,4,324,7,,,,324007
כמותי,תרגול כללי 2,1,10403,הסקה מתרשים,5,325,8,,,,325008
כמותי,תרגול כללי 2,1,10404,הסקה מתרשים,7,325,9,,,,325009
כמותי,תרגול כללי 2,1,10405,הסקה מתרשים,6,325,10,,,,325010
כמותי,תרגול כללי 2,1,3785,פיתגורס,5,326,11,,,1,326011
כמותי,תרגול כללי 2,1,10381,שטחים,5,326,11,,,1,326011
כמותי,תרגול כללי 2,1,3796,כלליות 2,4,326,12,,,1,326012
כמותי,תרגול כללי 2,1,10382,כלליות 2,6,326,12,,,1,326012
כמותי,תרגול כללי 2,1,3804,אנליטית,7.5,326,13,,,1,326013
כמותי,תרגול כללי 2,1,10383,אנליטית,8,326,13,,,1,326013
כמותי,תרגול כללי 2,1,10384,כלליות 1,5,326,14,,,,326014
כמותי,תרגול כללי 2,1,3818,התנהגות אלגברית,6,327,15,,,1,327015
כמותי,תרגול כללי 2,1,10385,אי-שוויון,6,327,15,,,1,327015
כמותי,תרגול כללי 2,1,3829,פיתגורס,4,327,16,,,1,327016
כמותי,תרגול כללי 2,1,10386,פיתגורס,7,327,16,,,1,327016
מילולי,אנלוגיות,1,,,,329,1,1,,,329001
מילולי,אנלוגיות,1,,,,329,2,1,,,329002
מילולי,אנלוגיות,1,,,,329,3,1,,,329003
מילולי,אנלוגיות,1,,,,329,4,1,,,329004
מילולי,אנלוגיות,1,,,,329,5,1,,,329005
מילולי,אנלוגיות,1,,,,330,6,1,,,330006
מילולי,אנלוגיות,1,,,,330,7,1,,,330007
מילולי,אנלוגיות,1,,,,330,8,1,,,330008
מילולי,אנלוגיות,1,,,,330,9,1,,,330009
מילולי,אנלוגיות,1,,,,330,10,1,,,330010
מילולי,שאלות פסקה,1,,,,333,1,1,,,333001
מילולי,שאלות פסקה,1,,,,334,2,1,,,334002
מילולי,שאלות פסקה,1,,,,334,3,1,,,334003
מילולי,שאלות פסקה,1,,,,335,4,1,,,335004
מילולי,שאלות פסקה,1,,,,335,5,1,,,335005
מילולי,שאלות פסקה,1,,,,336,6,1,,,336006
מילולי,שאלות פסקה,1,,,,337,7,1,,,337007
מילולי,שאלות פסקה,1,,,,337,8,1,,,337008
מילולי,שאלות פסקה,1,4098,השלמת משפטים מילולי,6,338,9,,,,338009
מילולי,שאלות פסקה,1,4735,שאלות פסקה,2,338,10,,,,338010
מילולי,השלמת משפטים מילולי,1,4927,השלמת משפטים מילולי,7,341,1,,,,341001
מילולי,השלמת משפטים מילולי,1,4928,השלמת משפטים מילולי,10,341,2,,,,341002
מילולי,השלמת משפטים מילולי,1,4929,השלמת משפטים מילולי,8,341,3,,,,341003
מילולי,השלמת משפטים מילולי,1,,,,342,4,1,,,342004
מילולי,השלמת משפטים מילולי,1,,,,342,5,1,,,342005
מילולי,השלמת משפטים מילולי,1,,,,342,6,1,,,342006
מילולי,השלמת משפטים מילולי,1,4731,השלמת משפטים מילולי,5,343,7,,,,343007
מילולי,השלמת משפטים מילולי,1,4732,השלמת משפטים מילולי,5,343,8,,,,343008
מילולי,השלמת משפטים מילולי,1,4733,השלמת משפטים מילולי,9,343,9,,,,343009
מילולי,השלמת משפטים מילולי,1,4912,השלמת משפטים מילולי,7,344,10,,,,344010
מילולי,השלמת משפטים מילולי,1,4913,השלמת משפטים מילולי,7,344,11,,,,344011
מילולי,השלמת משפטים מילולי,1,4914,השלמת משפטים מילולי,5,344,12,,,,344012
מילולי,עריכת ניסוי,1,5067,עריכת ניסוי,2,347,1,,,,347001
מילולי,עריכת ניסוי,1,,,,347,2,1,,,347002
מילולי,עריכת ניסוי,1,,,,348,3,1,,,348003
מילולי,עריכת ניסוי,1,,,,348,4,1,,,348004
מילולי,עריכת ניסוי,1,,,,349,5,1,,,349005
מילולי,עריכת ניסוי,1,,,,349,6,1,,,349006
מילולי,עריכת ניסוי,1,4092,עריכת ניסוי,4,349,7,,,,349007
מילולי,עריכת ניסוי,1,4093,עריכת ניסוי,4,350,8,,,,350008
מילולי,עריכת ניסוי,1,4106,עריכת ניסוי,3,350,9,,,,350009
מילולי,עריכת ניסוי,1,4101,עריכת ניסוי,3,350,10,,,,350010
מילולי,עריכת ניסוי,1,4095,עריכת ניסוי,5,351,11,,,,351011
מילולי,עריכת ניסוי,1,4192,עריכת ניסוי,3,351,12,,,,351012
מילולי,עריכת ניסוי,1,4193,עריכת ניסוי,3,352,13,,,,352013
מילולי,כללים וסידורים,1,4916,כללים וסידורים,6,355,1,,,,355001
מילולי,כללים וסידורים,1,,,,355,2,1,,,355002
מילולי,כללים וסידורים,1,,,,355,3,1,,,355003
מילולי,כללים וסידורים,1,,,,356,4,1,,,356004
מילולי,כללים וסידורים,1,,,,356,5,1,,,356005
מילולי,כללים וסידורים,1,,,,357,6,1,,,357006
מילולי,כללים וסידורים,1,,,,357,7,1,,,357007
מילולי,כללים וסידורים,1,4104,עריכת ניסוי,3,358,8,,,,358008
מילולי,כללים וסידורים,1,4908,כללים וסידורים,5,358,9,,,,358009
מילולי,משמעות מילולית,1,4094,משמעות מילולית,5,361,1,,,,361001
מילולי,משמעות מילולית,1,4096,עריכת ניסוי,3,361,2,,,,361002
מילולי,משמעות מילולית,1,4107,משמעות מילולית,6,362,3,,,,362003
מילולי,משמעות מילולית,1,4190,משמעות מילולית,3,362,4,,,,362004
מילולי,משמעות מילולית,1,4386,משמעות מילולית,4,362,5,,,,362005
מילולי,משמעות מילולית,1,4420,משמעות מילולית,4,363,6,,,,363006
מילולי,תרגול מעורב,1,4904,עריכת ניסוי,2,367,1,,,,367001
מילולי,תרגול מעורב,1,,,,367,2,1,,,367002
מילולי,תרגול מעורב,1,4909,שאלות פסקה,7,368,3,,,,368003
מילולי,תרגול מעורב,1,4906,עריכת ניסוי,4,368,4,,,,368004
מילולי,תרגול מעורב,1,4907,משמעות מילולית,10,368,5,,,,368005
מילולי,תרגול מעורב,1,4910,כללים וסידורים,6,369,6,,,,369006
מילולי,תרגול מעורב,1,4915,השלמת משפטים מילולי,9,369,7,,,,369007
מילולי,תרגול מעורב,1,4911,עריכת ניסוי,3,369,8,,,,369008
מילולי,תרגול מעורב,1,4917,שאלות פסקה,6,370,9,,,,370009
מילולי,תרגול מעורב,2,4918,משמעות מילולית,2,370,10,,,,370010
מילולי,תרגול מעורב,2,4919,שאלות פסקה,7,371,11,,,,371011
מילולי,תרגול מעורב,2,4920,משמעות מילולית,9,371,12,,,,371012
מילולי,תרגול מעורב,2,,,,371,13,1,,,371013
מילולי,תרגול מעורב,2,4926,עריכת ניסוי,4,372,14,,,,372014
מילולי,תרגול מעורב,2,5068,עריכת ניסוי,8,372,15,,,,372015
מילולי,תרגול מעורב,2,,,,373,16,1,,,373016
מילולי,תרגול מעורב,2,5069,שאלות פסקה,9,373,17,,,,373017
מילולי,קטע קריאה,1,,,,377,1,1,,,377001
מילולי,קטע קריאה,1,,,,377,2,1,,,377002
מילולי,קטע קריאה,1,,,,377,3,1,,,377003
מילולי,קטע קריאה,1,,,,377,4,1,,,377004
מילולי,קטע קריאה,1,,,,378,5,1,,,378005
מילולי,קטע קריאה,2,,,,381,6,1,,,381006
מילולי,קטע קריאה,2,,,,381,7,1,,,381007
מילולי,קטע קריאה,2,,,,381,8,1,,,381008
מילולי,קטע קריאה,2,,,,381,9,1,,,381009
מילולי,קטע קריאה,2,,,,382,10,1,,,382010
מילולי,קטע קריאה,2,,,,382,11,1,,,382011
מילולי,קטע קריאה,3,,,,385,12,1,,,385012
מילולי,קטע קריאה,3,,,,385,13,1,,,385013
מילולי,קטע קריאה,3,,,,385,14,1,,,385014
מילולי,קטע קריאה,3,,,,385,15,1,,,385015
מילולי,קטע קריאה,3,,,,386,16,1,,,386016
מילולי,קטע קריאה,3,,,,386,17,1,,,386017
מילולי,קטע קריאה,4,,,,389,18,1,,,389018
מילולי,קטע קריאה,4,,,,389,19,1,,,389019
מילולי,קטע קריאה,4,,,,389,20,1,,,389020
מילולי,קטע קריאה,4,,,,389,21,1,,,389021
מילולי,קטע קריאה,4,,,,390,22,1,,,390022
מילולי,קטע קריאה,4,,,,390,23,1,,,390023
מילולי,קטע קריאה,5,,,,393,24,1,,,393024
מילולי,קטע קריאה,5,,,,393,25,1,,,393025
מילולי,קטע קריאה,5,,,,393,26,1,,,393026
מילולי,קטע קריאה,5,,,,393,27,1,,,393027
מילולי,קטע קריאה,5,,,,394,28,1,,,394028
מילולי,קטע קריאה,5,,,,394,29,1,,,394029
אנגלית,Sentence Completion,1,,,,397,1,1,,,397001
אנגלית,Sentence Completion,1,,,,397,2,1,,,397002
אנגלית,Sentence Completion,1,,,,397,3,1,,,397003
אנגלית,Sentence Completion,1,,,,397,4,1,,,397004
אנגלית,Sentence Completion,1,,,,398,5,1,,,398005
אנגלית,Sentence Completion,1,,,,398,6,1,,,398006
אנגלית,Sentence Completion,1,,,,398,7,1,,,398007
אנגלית,Sentence Completion,1,,,,398,8,1,,,398008
אנגלית,Sentence Completion,2,,,,399,9,1,,,399009
אנגלית,Sentence Completion,2,,,,399,10,1,,,399010
אנגלית,Sentence Completion,2,,,,399,11,1,,,399011
אנגלית,Sentence Completion,2,,,,399,12,1,,,399012
אנגלית,Sentence Completion,2,,,,400,13,1,,,400013
אנגלית,Sentence Completion,2,,,,400,14,1,,,400014
אנגלית,Sentence Completion,2,,,,400,15,1,,,400015
אנגלית,Sentence Completion,2,,,,400,16,1,,,400016
אנגלית,Restatements,1,,,,403,1,1,,,403001
אנגלית,Restatements,1,,,,403,2,1,,,403002
אנגלית,Restatements,1,,,,403,3,1,,,403003
אנגלית,Restatements,1,,,,404,4,1,,,404004
אנגלית,Restatements,1,,,,404,5,1,,,404005
אנגלית,Restatements,1,,,,405,6,1,,,405006
אנגלית,Restatements,1,,,,405,7,1,,,405007
אנגלית,Reading Comprehension,1,,,,409,1,1,,,409001
אנגלית,Reading Comprehension,1,,,,409,2,1,,,409002
אנגלית,Reading Comprehension,1,,,,409,3,1,,,409003
אנגלית,Reading Comprehension,1,,,,409,4,1,,,409004
אנגלית,Reading Comprehension,1,,,,409,5,1,,,409005
אנגלית,Reading Comprehension,2,,,,411,6,1,,,411006
אנגלית,Reading Comprehension,2,,,,411,7,1,,,411007
אנגלית,Reading Comprehension,2,,,,411,8,1,,,411008
אנגלית,Reading Comprehension,2,,,,411,9,1,,,411009
אנגלית,Reading Comprehension,2,,,,411,10,1,,,411010
אנגלית,Reading Comprehension,2,,,,413,11,1,,,413011
אנגלית,Reading Comprehension,2,,,,413,12,1,,,413012
אנגלית,Reading Comprehension,2,,,,413,13,1,,,413013
אנגלית,Reading Comprehension,2,,,,413,14,1,,,413014
אנגלית,Reading Comprehension,2,,,,413,15,1,,,413015
אנגלית,Reading Comprehension,3,,,,415,16,1,,,415016
אנגלית,Reading Comprehension,3,,,,415,17,1,,,415017
אנגלית,Reading Comprehension,3,,,,415,18,1,,,415018
אנגלית,Reading Comprehension,3,,,,415,19,1,,,415019
אנגלית,Reading Comprehension,3,,,,415,20,1,,,415020
אנגלית,Reading Comprehension,3,,,,417,21,1,,,417021
אנגלית,Reading Comprehension,3,,,,417,22,1,,,417022
אנגלית,Reading Comprehension,3,,,,417,23,1,,,417023
אנגלית,Reading Comprehension,3,,,,417,24,1,,,417024
אנגלית,Reading Comprehension,3,,,,417,25,1,,,417025
,,,470,שלמים,4,,,,1,,0
,,,472,חלוקה,7,,,,1,,0
,,,523,חלוקה,6,,,,1,,0
,,,588,חלוקה,4,,,,1,,0
,,,591,חלוקה,7,,,,1,,0
,,,625,שלמים,5,,,,1,,0
,,,629,חלוקה,5,,,,1,,0
,,,632,חלוקה,6,,,,1,,0
,,,639,חלוקה,8,,,,1,,0
,,,641,חלוקה,5,,,,1,,0
,,,7652,הסקה מתרשים,6,,,,1,,0
,,,8762,Reading Comprehension,3,,,,1,,0
,,,3372,תנועה,5,,,,1,,0
,,,10315,הסקה מתרשים,4,,,,1,,0